herolD,heroRealName,heroName,seriesMovieTitle,Address,
1,Tim Roth,Cal Lightman,Lie to me,Seattle,
2,Emily Vancamp,Emily Thorne,Revenge,Hamptons,
3,Stephen Amell,Olliver Queen,Arrow,Starling City,
4,Paul Wesley,Stefan Salvatore,Vampire Diaries,Mystic Falls,
5,Robert Downey Jr.,Tony Stark,Iron Man,Malibu,
6,Ioan Gruffudd,Dr. Henry Morgan,Forever,Jersey,
7,Matthew Perry,Chandler Bing,Friends,New York,
8,Matthew Perry,Ron Clark,The Ron Clark Story,Montreal,
9,Emma Watson,Hermione Granger,Harry Potter,Privet Drive, 
10,Kerry Washington,Olivia Pope,Scandal,Washington,
11,Tom Cruise,Ethan Hunt,Mission Impossible,London,
12,Freddie Highmore,August,August Rush,Boston,
13,Mandy Moore,Jamie Sullivan,A Walk to Remember,North Carolina,
14,Kate Beckinsale,Selene,Underworld,Budapest,
15,Kate Beckinsale,Lori,Total Recall,Calgary,
16,Matt Leblanc,Joey Tribbiani,Friends,Rome,
17,Kelli Williams,Gillian Foster,Lie to me,Toronto,
